{
  "marketing_stripe": {
    "text": "Para pagamentos parcelados via PIX, nos chame através do whatsapp (79)988656978 ✔️",
    "link": "https://api.whatsapp.com/send/?phone=5579988656978&text&type=phone_number&app_absent=0"
  },
  "contacts_stripe": {
    "pages": [
      {
        "title": "Sobre nós",
        "link": "/pages/sobre-nos"
      },
      {
        "title": "Esta loja é um PWA",
        "link": "/posts/esta-loja-e-um-pwa"
      }
    ],
    "phone_wpp": true,
    "socials": true
  },
  "categories_list": {
    "featured": [],
    "random": 6,
    "full_width": false
  },
  "desktop_megamenu": false,
  "search_input": true,
  "alphabetical_order_submenu": true,
  "full_width_submenu": false
}