{
  "meta_title": "",
  "meta_description": "",
  "sections": [
    {
      "type": "banner-slider",
      "autoplay": 0,
      "full_width": false,
      "slides": [
        {
          "img": "/img/uploads/bolsa-curvas-x9_page-0001.jpg",
          "link": "",
          "alt": "",
          "start": "",
          "end": "",
          "mobile_img": "/img/uploads/tur1.jpg"
        }
      ]
    },
    {
      "type": "info-bar",
      "enabled": false
    },
    {
      "type": "dynamic-showcase",
      "load_more": true,
      "sort": "sales"
    },
    {
      "type": "page-title",
      "title": "Turistony",
      "description": "Deixando você mais próximo dos seus sonhos."
    }
  ]
}